state,college,record_count
ALABAMA,alabama college,23
ALABAMA,alabama girls' technical institute,11
ALABAMA,alabama poly technic institute,18
ALABAMA,alabama polytechnic institute,83
ALABAMA,alabama technical institute,9
ALABAMA,alabama technical institute and,1
ALABAMA,athens college for women,4
ALABAMA,athens college for young,10
ALABAMA,athens college for young women,8
ALABAMA,birmingham-southern college,9
ALABAMA,birminghamsouthern col,3
ALABAMA,birminghamsouthern college,10
ALABAMA,college for women,9
ALABAMA,howard college,25
ALABAMA,judson college,38
ALABAMA,marion institute,28
ALABAMA,payne university,1
ALABAMA,spring hill college,22
ALABAMA,st. bernard college,24
ALABAMA,talladega college,24
ALABAMA,university of alabama,111
ALABAMA,woman's college of ala,5
ALABAMA,woman's college of alabama,18
ALABAMA,womans college of alabama,7
ALABAMA,women's college of alabama,5
ALASKA,alaska agricultural college,17
ALASKA,alaska agricultural college and school of mines college,6
ARIZONA,gila college,6
ARIZONA,junior college,3
ARIZONA,universitv of arizona,16
ARIZONA,university of arizona,85
ARKANSAS,arkansas baptist college,15
ARKANSAS,arkansas college,17
ARKANSAS,arkansas cumberland college,3
ARKANSAS,arkansas polytechnic college,7
ARKANSAS,arkansas state college,7
ARKANSAS,central baptist college,15
ARKANSAS,central baptistcollege,7
ARKANSAS,central college,14
ARKANSAS,chanical college. high school,8
ARKANSAS,chanical college.' preparatory,4
ARKANSAS,college of the ozarks,28
ARKANSAS,crescent college,9
ARKANSAS,galloway college,15
ARKANSAS,galloway woman's college,18
ARKANSAS,henderson brown college,8
ARKANSAS,henderson-brown college,7
ARKANSAS,hendersonbrown college,16
ARKANSAS,hendrix college,18
ARKANSAS,jonesboro baptist college,6
ARKANSAS,junior college,4
ARKANSAS,little rock college,21
ARKANSAS,mountain home college,7
ARKANSAS,ouachita college,26
ARKANSAS,state agricultural and mechanical college' monticello,7
ARKANSAS,state agricultural and mechanical college. joneshoro,7
ARKANSAS,state agricultural and mechanical college. magnoha,6
ARKANSAS,university of arkansas,117
CALIFORNIA,california christian col,3
CALIFORNIA,california christian college,4
CALIFORNIA,california institute of tech,11
CALIFORNIA,california institute of technology,14
CALIFORNIA,california polytechnic school,3
CALIFORNIA,central junior college,2
CALIFORNIA,chaffey junior college,5
CALIFORNIA,citrus junior college,2
CALIFORNIA,college of medical evangel ists,1
CALIFORNIA,college of medical evangelists,6
CALIFORNIA,college of notre dame,23
CALIFORNIA,college of osteopathic phy sicians and surgeons,1
CALIFORNIA,college of osteopathic physi,4
CALIFORNIA,college of osteopathic physicians and surgeons,3
CALIFORNIA,college of physicians and sur,3
CALIFORNIA,college of physicians and surgeons,2
CALIFORNIA,college of physiciansand surgeons,1
CALIFORNIA,college of science,14
CALIFORNIA,college of the pacific,40
CALIFORNIA,collegeof medical evangelists,7
CALIFORNIA,dominican college,13
CALIFORNIA,dominican college of san rafael,5
CALIFORNIA,galloway college,2
CALIFORNIA,golden gate college,6
CALIFORNIA,golden gate collegey,1
CALIFORNIA,junior college,113
CALIFORNIA,kent college of law,1
CALIFORNIA,kern county junior college,1
CALIFORNIA,la verne college,5
CALIFORNIA,lassen junior college,1
CALIFORNIA,lassen union junior col,1
CALIFORNIA,leland stanford junior uni,34
CALIFORNIA,leland stanford junior univer,11
CALIFORNIA,leland stanford junior university,12
CALIFORNIA,lincoln college of law,1
CALIFORNIA,loyola college,7
CALIFORNIA,loyola university,6
CALIFORNIA,marin junior college,1
CALIFORNIA,marin union junior college,1
CALIFORNIA,mcgeorge college of law,1
CALIFORNIA,menlo junior college,3
CALIFORNIA,mills college,27
CALIFORNIA,noncollegiate,57
CALIFORNIA,occidental college,23
CALIFORNIA,ouachita college,1
CALIFORNIA,pacific union college,35
CALIFORNIA,pacific unitarian school for,3
CALIFORNIA,pacific unitarian school for the ministry,1
CALIFORNIA,pacific unitarian school for the ministry theology,1
CALIFORNIA,pasadena college,9
CALIFORNIA,pomona college,42
CALIFORNIA,sacramento college of law,4
CALIFORNIA,saint mary's college,6
CALIFORNIA,scripps college,2
CALIFORNIA,southern california junior college,3
CALIFORNIA,southwestern university,11
CALIFORNIA,st. ignatius college,23
CALIFORNIA,st. mary's college,39
CALIFORNIA,stanford university,34
CALIFORNIA,throop college of technology,9
CALIFORNIA,university college,8
CALIFORNIA,university of arkansas,3
CALIFORNIA,university of california,71
CALIFORNIA,university of redlands,28
CALIFORNIA,university of san francisco,6
CALIFORNIA,university of santa clara,50
CALIFORNIA,university of southern cal ifornia,21
CALIFORNIA,university of southern cali,24
CALIFORNIA,university of southern california,55
CALIFORNIA,whittier college,15
CALIFORNIA,williams institute,3
COLORADO,college,3
COLORADO,college of the sacred heart,3
COLORADO,colorado agricultural col,24
COLORADO,colorado agricultural college,48
COLORADO,colorado agricultural college fort collinscon. agriculture,14
COLORADO,colorado college,55
COLORADO,colorado school of mines,15
COLORADO,colorado state teachers college,16
COLORADO,colorado woman's college,26
COLORADO,junior college,2
COLORADO,loretto heights college,17
COLORADO,noncollegiate,46
COLORADO,regis college,13
COLORADO,state junior college,2
COLORADO,university of colorado,44
COLORADO,university of denver,53
COLORADO,westminster law school,8
CONNECTICUT,agriculture,9
CONNECTICUT,albertus magnus college,5
CONNECTICUT,colorado school of mines,8
CONNECTICUT,connecticut agricultural col,1
CONNECTICUT,connecticut agricultural college,5
CONNECTICUT,connecticut college for women,8
CONNECTICUT,home economics,4
CONNECTICUT,junior college,6
CONNECTICUT,junior college of connecticut,14
CONNECTICUT,loretto heights college,3
CONNECTICUT,naval unit,2
CONNECTICUT,noncollegiate,8
CONNECTICUT,trinity college,26
CONNECTICUT,united states coast guard academy,1
CONNECTICUT,university of denver,2
CONNECTICUT,wesleyan university,22
CONNECTICUT,yale university,116
DELAWARE,delaware college,27
DELAWARE,gallaudet college,4
DELAWARE,noncollegiate,13
DELAWARE,university of delaware,27
DELAWARE,university of delaware newarkcontinued. electrical engineering,3
DIST COLUMBIA,american university,2
DIST COLUMBIA,catholic sisters college,5
DIST COLUMBIA,catholic university of america,11
DIST COLUMBIA,gallaudet college,5
DIST COLUMBIA,george washington university,16
DIST COLUMBIA,georgetown university,7
DIST COLUMBIA,howard university,12
DIST COLUMBIA,national university law school law,1
DIST COLUMBIA,trinity college,3
DIST COLUMBIA,washington college of law,2
DISTRICT OF COLUMBIA,american university,17
DISTRICT OF COLUMBIA,catholic sisters college,28
DISTRICT OF COLUMBIA,catholic university of,11
DISTRICT OF COLUMBIA,catholic university of america,35
DISTRICT OF COLUMBIA,gallaudet college,17
DISTRICT OF COLUMBIA,georegtown university continued,3
DISTRICT OF COLUMBIA,george washington uni,14
DISTRICT OF COLUMBIA,george washington univer,15
DISTRICT OF COLUMBIA,george washington university,46
DISTRICT OF COLUMBIA,georgetown university,36
DISTRICT OF COLUMBIA,howard university,92
DISTRICT OF COLUMBIA,national university,8
DISTRICT OF COLUMBIA,national university law school,3
DISTRICT OF COLUMBIA,trinity college,10
DISTRICT OF COLUMBIA,united states college of veterinary surgeons,1
DISTRICT OF COLUMBIA,washington college of law,6
DISTRICT OF COLUMBIA,washington missionary col,6
DISTRICT OF COLUMBIA,washington missionary college,11
FLORIDA,bob jones college,10
FLORIDA,florida state college for,10
FLORIDA,florida state college for women,32
FLORIDA,john b. stetson university,35
FLORIDA,junior college,5
FLORIDA,noncollegiate,30
FLORIDA,rollins college,26
FLORIDA,southern college,9
FLORIDA,st. leo college and abbey,9
FLORIDA,university of florida,79
FLORIDA,university of miami,16
GEORGIA,agnes scott college,33
GEORGIA,and mechanical college.' preparatory,6
GEORGIA,andrew college,15
GEORGIA,atlanta college of pharmacy,4
GEORGIA,atlanta southern dental col,2
GEORGIA,atlanta southern dental college,2
GEORGIA,atlanta university,26
GEORGIA,atlanta-southern dental college,5
GEORGIA,atlantasouthern dental col lege,1
GEORGIA,berry junior college,3
GEORGIA,bessie tift college,16
GEORGIA,brenau college,26
GEORGIA,clark university,27
GEORGIA,columbia theological semi nary,1
GEORGIA,cox college,26
GEORGIA,emory university,68
GEORGIA,gammon theological seminary,12
GEORGIA,georgia state college for,11
GEORGIA,georgia state college for men,4
GEORGIA,georgia state college for women,6
GEORGIA,junior college,1
GEORGIA,junior college of augusta,1
GEORGIA,la grange college,17
GEORGIA,lagrange college,10
GEORGIA,lucy cobb institute,6
GEORGIA,lucy cobb junior college,2
GEORGIA,medical college,1
GEORGIA,medical college of georgia,25
GEORGIA,mercer university,59
GEORGIA,morehouse college,31
GEORGIA,morris brown college,4
GEORGIA,morris brown university,23
GEORGIA,non-collegiate rehabilitation,11
GEORGIA,noncollegiate,93
GEORGIA,north georgia agricultural col,7
GEORGIA,north georgia agriculture college,6
GEORGIA,north georgia college,6
GEORGIA,oglethorpe university,17
GEORGIA,paine college,18
GEORGIA,piedmont college,23
GEORGIA,reinhardt college,10
GEORGIA,shorter college,12
GEORGIA,south georgia college,3
GEORGIA,south georgia state college,5
GEORGIA,southern college of phar macy,1
GEORGIA,spelman college,8
GEORGIA,university of florida,9
GEORGIA,university of georgia,56
GEORGIA,wesleyan college,30
GEORGIA,young harris college,6
GEORGIA,young l. g. harris college,9
HAWAII,college of hawaii,17
HAWAII,university of hawaii,46
IDAHO,college of idaho,21
IDAHO,gooding college,21
IDAHO,idaho technical institute,17
IDAHO,idaho technical institute',12
IDAHO,non-collegiate agriculture,9
IDAHO,noncollegiate,34
IDAHO,northwest nazarene college,4
IDAHO,ricks college,4
IDAHO,southern branch univer,11
IDAHO,university of idaho,95
ILLINOIS,armour institute of tech,35
ILLINOIS,armour institute of technology,25
ILLINOIS,armour institute of technology- continued,6
ILLINOIS,assissi junior college,1
ILLINOIS,augustana college,46
ILLINOIS,augustana college and theological seminary rock island,7
ILLINOIS,aurora college,33
ILLINOIS,blackburn college,16
ILLINOIS,blackburn college i,3
ILLINOIS,bradley polytechnic insti tute,6
ILLINOIS,bradley polytechnic institute,44
ILLINOIS,broadview college,17
ILLINOIS,broadview college and theological seminary la grange,5
ILLINOIS,carthage college,28
ILLINOIS,central states college of pharmacy pharmacy,5
ILLINOIS,chicago college of osteop athy,2
ILLINOIS,chicago college of osteopathy,8
ILLINOIS,chicago veterinary college veterinary medicine,2
ILLINOIS,chicagokent college of law,11
ILLINOIS,crane junior college,19
ILLINOIS,de paul university,54
ILLINOIS,de paul university chicagocontinued. commerce,8
ILLINOIS,elmhurst college,7
ILLINOIS,eureka college,34
ILLINOIS,ewing college 0,5
ILLINOIS,frances shimer college,7
ILLINOIS,garrett biblical institute,11
ILLINOIS,general medical college,1
ILLINOIS,greenville college,27
ILLINOIS,hahnemann medical college,2
ILLINOIS,hahnemann medical college medicine,1
ILLINOIS,hamilton college of law,3
ILLINOIS,hedding college,21
ILLINOIS,illinois college,22
ILLINOIS,illinois wesleyan university,35
ILLINOIS,illinois woman's college,24
ILLINOIS,james millikin university,59
ILLINOIS,joliet junior college,3
ILLINOIS,junior college,8
ILLINOIS,knox college,18
ILLINOIS,knox college d -nonsect,6
ILLINOIS,lake forest college,13
ILLINOIS,lewis institute,38
ILLINOIS,lincoln college,33
ILLINOIS,lombard college,37
ILLINOIS,loyola university,53
ILLINOIS,mckendree college,19
ILLINOIS,monmouth college,44
ILLINOIS,morton junior college,8
ILLINOIS,mount morris college,19
ILLINOIS,municipal and sanitary engi,17
ILLINOIS,municipal and sanitary engineering,28
ILLINOIS,north central college,13
ILLINOIS,north park college,7
ILLINOIS,north park junior college,2
ILLINOIS,northwestern college,14
ILLINOIS,northwestern university,92
ILLINOIS,rockford college,26
ILLINOIS,rosary college,24
ILLINOIS,rush medical college,2
ILLINOIS,shurtleff college,24
ILLINOIS,st. francis xavier college,10
ILLINOIS,st. procopius college,19
ILLINOIS,st. viator college,26
ILLINOIS,st. xavier college,7
ILLINOIS,university of chicago,69
ILLINOIS,university of illinois,117
ILLINOIS,wheaton college,30
ILLINOIS,wheston college,6
INDIANA,butler college,24
INDIANA,butler university,16
INDIANA,coe college,8
INDIANA,de pauw university,42
INDIANA,earlham college,20
INDIANA,evansville college,32
INDIANA,franklin college,23
INDIANA,goshen college,30
INDIANA,hanover college,15
INDIANA,huntington college,20
INDIANA,indiana central college,11
INDIANA,indiana central university,5
INDIANA,indiana dental college,3
INDIANA,indiana university,82
INDIANA,indiana veterinary college,4
INDIANA,indianapolis college of,1
INDIANA,indianapolis college of phar,1
INDIANA,indianapolis college of pharmacy,4
INDIANA,iowa state college of agriculture and,23
INDIANA,iowa state teachers college,7
INDIANA,luther college,4
INDIANA,manchester college,41
INDIANA,marion college,21
INDIANA,oakland city college,43
INDIANA,purdue university,89
INDIANA,rose polytechnic institute,53
INDIANA,st. mary ofthe woods college,12
INDIANA,st. mary's college and,17
INDIANA,st. mary's college and acad,10
INDIANA,st. mary's college and academy,19
INDIANA,st. mary-of-the- woods college,9
INDIANA,st. maryofthewoods col,7
INDIANA,st. maryofthewoods college. st. maryofthe woods,6
INDIANA,taylor university,22
INDIANA,union christian college,8
INDIANA,university of notre dame,113
INDIANA,valparaiso university,41
INDIANA,vincennes university,36
INDIANA,wabash college,10
INDIANA,wartburg colleve,3
INDIANA,wheaton college,1
IOWA,buena vista college,24
IOWA,central college,13
IOWA,central holiness university,11
IOWA,central university of iowa,14
IOWA,clarke college,5
IOWA,coe college,33
IOWA,columbia college,23
IOWA,cornell college,46
IOWA,des moines college,15
IOWA,des moines still college of,2
IOWA,des moines still college of osteopathy,1
IOWA,des moines university,33
IOWA,drake university,59
IOWA,dubuque college,9
IOWA,ellsworth college,26
IOWA,ellsworth junior college,26
IOWA,graceland college,36
IOWA,grand view college,8
IOWA,grinnell college,17
IOWA,grundy junior college,4
IOWA,iowa state college of agri,46
IOWA,iowa state college of agricul,1
IOWA,iowa state college of agriculture,1
IOWA,iowa wesleyan college,23
IOWA,john fletcher college,15
IOWA,junior college,29
IOWA,lenox college,7
IOWA,luther college,13
IOWA,morningside college,40
IOWA,mount st. joseph college,28
IOWA,noncollegiate,44
IOWA,parsons college,33
IOWA,penn college,30
IOWA,simpson college,45
IOWA,st. ambrose college,12
IOWA,state university of iowa,98
IOWA,tabor college,5
IOWA,university of dubuque,26
IOWA,upper iowa university,31
IOWA,upper lowa university,8
IOWA,waldorf college,3
IOWA,waldorf lutheran junior col,1
IOWA,wartburg college,17
IOWA,western union college,17
KANSAS,baker university,28
KANSAS,bethany college,33
KANSAS,bethel college,29
KANSAS,central academy and col lege,7
KANSAS,central academy and college,3
KANSAS,college of emporia,13
KANSAS,college of fmporia,3
KANSAS,college of paola,4
KANSAS,fairmont college,6
KANSAS,fairmount college,16
KANSAS,friends college,4
KANSAS,friends university,24
KANSAS,hesston college,12
KANSAS,highland college,14
KANSAS,junior college,28
KANSAS,kansas city university,28
KANSAS,kansas state agricultural college,65
KANSAS,kansas wesleyan univer,6
KANSAS,kansas wesleyan university,30
KANSAS,marymount college,8
KANSAS,mcpherson college,33
KANSAS,midland college,5
KANSAS,mount st. scholastica col,2
KANSAS,municipal university of,10
KANSAS,municipal university of wichita,4
KANSAS,noncollegiate,24
KANSAS,ottawa university,40
KANSAS,southwestern college,29
KANSAS,st. benedict's college,36
KANSAS,st. mary college and acad emy,3
KANSAS,st. mary's college,19
KANSAS,st. mary's college and acad emy,2
KANSAS,sterling college,28
KANSAS,tabor college,9
KANSAS,university college,8
KANSAS,university of kansas,152
KANSAS,washburn college,41
KENTUCKY,asbury college,32
KENTUCKY,berea college,26
KENTUCKY,bethel college,20
KENTUCKY,bethel woman's college,12
KENTUCKY,campbellsville college,7
KENTUCKY,centre college,8
KENTUCKY,college of the bible,10
KENTUCKY,cumberland college,24
KENTUCKY,georgetown college,22
KENTUCKY,hamilton college,12
KENTUCKY,kentucky college for women,9
KENTUCKY,kentucky wesleyan colle' e,4
KENTUCKY,kentucky wesleyan college,22
KENTUCKY,kingswood holiness college,7
KENTUCKY,lees junior college,2
KENTUCKY,lindsey wilson junior college,4
KENTUCKY,logan college,19
KENTUCKY,louisville college of phar macy,6
KENTUCKY,louisville college of pharmacy,11
KENTUCKY,louisville collegeof pharmacy,2
KENTUCKY,nazareth college,1
KENTUCKY,nazareth junior college,19
KENTUCKY,noncollegiate,16
KENTUCKY,ogden college,14
KENTUCKY,sacred heart junior college,2
KENTUCKY,sayre college,5
KENTUCKY,simmons university,22
KENTUCKY,st. mary's college,21
KENTUCKY,sue bennett college,3
KENTUCKY,transylvania college,21
KENTUCKY,transylvania college and,12
KENTUCKY,union college,13
KENTUCKY,university of kentucky,83
KENTUCKY,university of louisville,41
KENTUCKY,university of louisville louisvillecontinued. night school,12
KENTUCKY,villa madonna college,8
LOCATION,louisiana state university,15
LOUISIANA,agricultural and mechanical college,16
LOUISIANA,centenary college,13
LOUISIANA,centenary college of louisiana,4
LOUISIANA,college,5
LOUISIANA,h. sophie newcomb memorial college,8
LOUISIANA,jefferson college,11
LOUISIANA,louisiana college,24
LOUISIANA,louisiana polytechnic institute,30
LOUISIANA,louisiana state university,50
LOUISIANA,louisiana state university and,1
LOUISIANA,louisiana state university and agricul,16
LOUISIANA,loyola university,40
LOUISIANA,mansfield college,6
LOUISIANA,mansfield female college,18
LOUISIANA,new orleans college,4
LOUISIANA,new orleans university,10
LOUISIANA,noncollegiate,16
LOUISIANA,silliman college,15
LOUISIANA,southeastern louisiana college,1
LOUISIANA,southwestern louisiana institute,12
LOUISIANA,straight college,13
LOUISIANA,tulane university of loui siana,17
LOUISIANA,tulane university of louisi,17
LOUISIANA,tulane university of louisiana,66
MAINE,bates college,14
MAINE,bowdoin college,13
MAINE,centenary college,3
MAINE,colby college,16
MAINE,noncollegiate,16
MAINE,tulane university of louisiana,1
MAINE,university of maine,74
MARYLAND,baltimore college of dental sur- gery,1
MARYLAND,baltimore college of dental surgery,3
MARYLAND,blue ridge college,31
MARYLAND,college of notre dame of,13
MARYLAND,college of notre dame of maryland,4
MARYLAND,goucher college,7
MARYLAND,hood college,26
MARYLAND,johns hopkins university,68
MARYLAND,loyola college,19
MARYLAND,maryland college for women,22
MARYLAND,maryland collegefor women,5
MARYLAND,maryland state college of agricul,15
MARYLAND,maryland state college of agriculture,13
MARYLAND,morgan college,36
MARYLAND,mount saint mary's college,6
MARYLAND,mount st. joseph's college,5
MARYLAND,mount st. mary's college,21
MARYLAND,noncollegiate,35
MARYLAND,rock hill college,5
MARYLAND,st. charles college,6
MARYLAND,st. john's college,18
MARYLAND,st. joseph's college,6
MARYLAND,united states naval acad emy,2
MARYLAND,united states naval academy,6
MARYLAND,university of maryland,40
MARYLAND,university of maryland dental department,2
MARYLAND,washington college,12
MARYLAND,western maryland college,30
MARYLAND,westminster theological sem inary,1
MARYLAND,westminster theological semi- nary,1
MARYLAND,westminster theological seminary,5
MARYLAND,woodstock college,8
MASSACHUSETTS,amherst college,20
MASSACHUSETTS,atlantic union college,22
MASSACHUSETTS,boston college,30
MASSACHUSETTS,boston university,79
MASSACHUSETTS,chemistry and textilecoloring,2
MASSACHUSETTS,christian association college. arts and sciences,2
MASSACHUSETTS,clark college,4
MASSACHUSETTS,clark university,24
MASSACHUSETTS,clarke university,4
MASSACHUSETTS,college of physicians and sur geons,1
MASSACHUSETTS,college of physicians and surgeons,1
MASSACHUSETTS,college of the holy cross,11
MASSACHUSETTS,emmanuel college,14
MASSACHUSETTS,gordon bible college,1
MASSACHUSETTS,gordon college of theology ,1
MASSACHUSETTS,gordon college of theology and missions,1
MASSACHUSETTS,harvard university,110
MASSACHUSETTS,holy cross college,23
MASSACHUSETTS,lowell textile institute,9
MASSACHUSETTS,massachusetts agricultural col,1
MASSACHUSETTS,massachusetts agricultural college,19
MASSACHUSETTS,massachusetts college of,1
MASSACHUSETTS,massachusetts college of oste opathy,1
MASSACHUSETTS,massachusetts college of osteopathy,1
MASSACHUSETTS,massachusetts college of phar- macy,1
MASSACHUSETTS,massachusetts college of pharmacy,9
MASSACHUSETTS,massachusetts institute of,44
MASSACHUSETTS,massachusetts institute of tech,19
MASSACHUSETTS,massachusetts institute of technology,18
MASSACHUSETTS,massachusetts institute of technology cam bridge,16
MASSACHUSETTS,mount holyoke college,22
MASSACHUSETTS,mount holyoke college arts and sciences graduate special,1
MASSACHUSETTS,newton theological insti tution,1
MASSACHUSETTS,newton theological institu tion,1
MASSACHUSETTS,newton theological institution,3
MASSACHUSETTS,non-collegiate,2
MASSACHUSETTS,noncollegiate,36
MASSACHUSETTS,northeastern college,11
MASSACHUSETTS,northeastern university,52
MASSACHUSETTS,radcliffe college,21
MASSACHUSETTS,radeliffe college,3
MASSACHUSETTS,sanitary and municipal engineering,15
MASSACHUSETTS,simmons college,51
MASSACHUSETTS,smith college,20
MASSACHUSETTS,textile coloring,1
MASSACHUSETTS,tufts college,67
MASSACHUSETTS,university of maryland,1
MASSACHUSETTS,wellesley college,22
MASSACHUSETTS,wheaton college,7
MASSACHUSETTS,williams college,18
MASSACHUSETTS,worcester polytechnic insti,6
MASSACHUSETTS,worcester polytechnic institute,18
MICHIGAN,adrian college,25
MICHIGAN,albion college,21
MICHIGAN,alma college,16
MICHIGAN,battle creek college,22
MICHIGAN,calvin college,5
MICHIGAN,calvin college and seminary,3
MICHIGAN,college of the city of detroit,27
MICHIGAN,detroit college of law,5
MICHIGAN,detroit college of medicine,2
MICHIGAN,detroit college of medicine and,1
MICHIGAN,detroit college of medicine and surgery,2
MICHIGAN,detroit college of medicine and surgery medicine,2
MICHIGAN,detroit junior college,5
MICHIGAN,emmanuel missionary col,18
MICHIGAN,emmanuel missionary college,19
MICHIGAN,grand rapids junior college,2
MICHIGAN,highland park junior college,2
MICHIGAN,hillsdale college,28
MICHIGAN,hope college,24
MICHIGAN,junior college,37
MICHIGAN,junior collegecontinued. fine arts,3
MICHIGAN,kalamazoo college,13
MICHIGAN,marygrove college,4
MICHIGAN,marygrove college and,5
MICHIGAN,michigan agricultural college,30
MICHIGAN,michigan college of mines,5
MICHIGAN,michigan college of mining,3
MICHIGAN,michigan college of mining and technology houghton,28
MICHIGAN,michigan state college of,31
MICHIGAN,nazareth college,14
MICHIGAN,noncollegiate,16
MICHIGAN,olivet college,17
MICHIGAN,st. mary's college and acad emy,5
MICHIGAN,suomi college and theo,5
MICHIGAN,suomi college and theological,4
MICHIGAN,theological school and cal vin college,4
MICHIGAN,university of detroit,80
MICHIGAN,university of michigan,125
MINNESOTA,bethel institute,10
MINNESOTA,carleton college,24
MINNESOTA,college of st,13
MINNESOTA,college of st. benedict,7
MINNESOTA,college of st. benedict. st. joseph,1
MINNESOTA,college of st. catherine,20
MINNESOTA,college of st. scholastica,17
MINNESOTA,college of st. teresa,17
MINNESOTA,college of st. thomas,27
MINNESOTA,concordia college,27
MINNESOTA,gustavus adolphus college,29
MINNESOTA,hamline university,24
MINNESOTA,itasca junior college,3
MINNESOTA,junior college,31
MINNESOTA,macalester college,18
MINNESOTA,minnesota college of law,20
MINNESOTA,noncollegiate,76
MINNESOTA,northwestern college of law,1
MINNESOTA,rochester junior college,7
MINNESOTA,st. john's university,36
MINNESOTA,st. mary's college,4
MINNESOTA,st. olaf college,30
MINNESOTA,st. paul college of law,8
MINNESOTA,st. paul luther college,9
MINNESOTA,university of detroit,4
MINNESOTA,university of minnesota,72
MINNESOTA,university of minresota minneapoliscontd. pharmacy,4
MISSISSIPPI,belhaven college,19
MISSISSIPPI,blue mountain college,24
MISSISSIPPI,clark memorial college,5
MISSISSIPPI,clarke memorial college,8
MISSISSIPPI,college of st. teresa,15
MISSISSIPPI,grenada college,35
MISSISSIPPI,gulf park college,6
MISSISSIPPI,hillman college,11
MISSISSIPPI,hinds junior college,1
MISSISSIPPI,jackson college,15
MISSISSIPPI,junior college,20
MISSISSIPPI,meridian college,10
MISSISSIPPI,millsaps college,22
MISSISSIPPI,mississippi agricultural and mechanical college agricultural college,9
MISSISSIPPI,mississippi college,19
MISSISSIPPI,mississippi industrial instituteand college,3
MISSISSIPPI,mississippi state college,4
MISSISSIPPI,mississippi state college for,9
MISSISSIPPI,mississippi state college for wo,3
MISSISSIPPI,mississippi state college for women,5
MISSISSIPPI,mississippi synodical col lege,4
MISSISSIPPI,mississippi synodical college,26
MISSISSIPPI,mississippi woman's col lege,3
MISSISSIPPI,mississippi woman's college,9
MISSISSIPPI,non-collegiate,15
MISSISSIPPI,noncollegiate,15
MISSISSIPPI,pearl river college,11
MISSISSIPPI,rochester junior college,1
MISSISSIPPI,rust college,22
MISSISSIPPI,tougaloo college,10
MISSISSIPPI,university of mississippi,61
MISSISSIPPI,whitworth college,12
MISSISSIPPI,whitworth female college,7
MISSOURI,benton college of law,8
MISSOURI,bible college of missouri,5
MISSOURI,central college,25
MISSOURI,central college for women,8
MISSOURI,central college of osteopathy,2
MISSOURI,central wesleyan college,31
MISSOURI,christian college,15
MISSOURI,christian college i,2
MISSOURI,city college of law and,9
MISSOURI,college of the sacred heart,9
MISSOURI,conception college,4
MISSOURI,cottey college,35
MISSOURI,cottey junior college,6
MISSOURI,culver-stockton college,15
MISSOURI,culverstockton college,12
MISSOURI,drury college,22
MISSOURI,forest park college,9
MISSOURI,hardin college,31
MISSOURI,hardin junior college,8
MISSOURI,howard payne college,4
MISSOURI,howard-payne college',5
MISSOURI,junior college,29
MISSOURI,junior college of kansas city,4
MISSOURI,junior college of the sacred,3
MISSOURI,kansas city college of medi cine and surgery,1
MISSOURI,kansas city college of oste,1
MISSOURI,kansas city college of osteopathy and surgery,1
MISSOURI,kansas city college of phar,4
MISSOURI,kansas city college of phar macy,2
MISSOURI,kansas city college of pharmacy,6
MISSOURI,kansas city dental college,5
MISSOURI,kansas city university of,2
MISSOURI,kansas city western den tal college,1
MISSOURI,kansas city western dental col- lege,1
MISSOURI,kansas city western dental college,7
MISSOURI,kansas citywestern dental college,1
MISSOURI,kidder institute,6
MISSOURI,kirksville college of osteop,3
MISSOURI,kirksville college of osteop athy and surgery,5
MISSOURI,kirksville college of osteopathy and surgery,1
MISSOURI,la grange college,5
MISSOURI,lindenwood college,37
MISSOURI,loretto college,12
MISSOURI,marvin college,5
MISSOURI,missouri christian college,4
MISSOURI,missouri valley college,27
MISSOURI,missouri wesleyan college,16
MISSOURI,noncollegiate,45
MISSOURI,ozark wesleyan college,15
MISSOURI,palmer college,14
MISSOURI,park college,16
MISSOURI,rockhurst college,25
MISSOURI,scarritt-morrisville college,3
MISSOURI,southwest baptist col,4
MISSOURI,southwest baptist college,12
MISSOURI,st. joseph veterinary college,11
MISSOURI,st. louis college of phar macy,1
MISSOURI,st. louis college of pharmacy,1
MISSOURI,st. louis college of physi,1
MISSOURI,st. louis college of physicians and surgeons,3
MISSOURI,st. louis university,61
MISSOURI,st. mary's institute,1
MISSOURI,st. marys college,3
MISSOURI,st. teresa college,12
MISSOURI,st. teresa junior college,3
MISSOURI,stephens college,35
MISSOURI,synodical college,4
MISSOURI,synodical college for girls,4
MISSOURI,synodical college for girls _,4
MISSOURI,tarkio college,18
MISSOURI,university of missouri,76
MISSOURI,university of missouri columbiacontinued. special,21
MISSOURI,washington university,110
MISSOURI,webster college,4
MISSOURI,western dental college,2
MISSOURI,westminster college,11
MISSOURI,will mayfield college,16
MISSOURI,william jewell college,16
MISSOURI,william woods college,19
MISSOURI,xenia united presbyterian theo,2
MONTANA,intermountain union col lege,1
MONTANA,intermountain union college,5
MONTANA,junior college,1
MONTANA,montana state college of,34
MONTANA,montana state college of agri,1
MONTANA,montana state college of agricul,17
MONTANA,montana state college of agriculture and,20
MONTANA,montana state university,28
MONTANA,montana wesleyan college,5
MONTANA,mount st. charles college,10
MONTANA,noncollegiate,18
MONTANA,state university of mon,29
MONTANA,state university of montana,15
MONTANA,university of missouri columbiacontinued. special,20
MONTANA,university of montana,13
MONTANA,university of nebraska,25
NEBRASKA,college of st. mary,3
NEBRASKA,cotner college,21
NEBRASKA,creighton university,54
NEBRASKA,creighton university-continued. dentistry,4
NEBRASKA,dana college,7
NEBRASKA,dana college and trinity,11
NEBRASKA,dana college and trinity theological semi,5
NEBRASKA,dartmouth college,10
NEBRASKA,doane college,21
NEBRASKA,duchesne college,6
NEBRASKA,grand island college,18
NEBRASKA,hastings college,35
NEBRASKA,hebron junior college,3
NEBRASKA,immaculate conception junior college,4
NEBRASKA,junior college,1
NEBRASKA,luther college,3
NEBRASKA,luther junior college,4
NEBRASKA,midland college,29
NEBRASKA,nebraska central college,10
NEBRASKA,nebraska wesleyan uni,8
NEBRASKA,nebraska wesleyan univer,16
NEBRASKA,nebraska wesleyan university,23
NEBRASKA,noncollegiate,51
NEBRASKA,union college,36
NEBRASKA,university of nebraska,71
NEBRASKA,university of omaha,33
NEBRASKA,york college,45
NEVADA,university of nevada,75
NEVADA,university of new hamp,15
NEW HAMPSHIRE,dartmouth college,33
NEW HAMPSHIRE,new hampshire college of,13
NEW HAMPSHIRE,new hampshire college of agri,9
NEW HAMPSHIRE,new hampshire college of agriculture and,11
NEW HAMPSHIRE,st. anselm college,4
NEW HAMPSHIRE,st. anselm's college,16
NEW HAMPSHIRE,university of new hamp shire,13
NEW HAMPSHIRE,university of new hampshire,14
NEW JERSEY,alma college,6
NEW JERSEY,bloomfield college and seminary,3
NEW JERSEY,centenary collegiate institute,3
NEW JERSEY,college of st,2
NEW JERSEY,college of st. elizabeth,19
NEW JERSEY,college of st. elizabeth-continued. fine arts,3
NEW JERSEY,drew university,9
NEW JERSEY,georgian court college,20
NEW JERSEY,municipal and sanitary engineering,9
NEW JERSEY,new jersey college of phar macy,6
NEW JERSEY,newark college of eng,8
NEW JERSEY,newark college of engi,6
NEW JERSEY,princeton university,30
NEW JERSEY,rutgers college,52
NEW JERSEY,rutgers university,34
NEW JERSEY,sanitary and municipal,7
NEW JERSEY,seton hall college,18
NEW JERSEY,st. anselm college,4
NEW JERSEY,st. anselm's college,7
NEW JERSEY,st. joseph's college,6
NEW JERSEY,st. peter's college,2
NEW JERSEY,stevens institute of tech,2
NEW JERSEY,stevens institute of technol,2
NEW JERSEY,stevens institute of technology,4
NEW JERSEY,upsala college,37
NEW MEXICO,new mexico college of agri,35
NEW MEXICO,new mexico college of agriculture,6
NEW MEXICO,new mexico college of agriculture and,11
NEW MEXICO,new mexico college of agriculture and mechanic arts,7
NEW MEXICO,new mexico military institute,20
NEW MEXICO,noncollegiate,8
NEW MEXICO,state university of new,40
NEW MEXICO,state university of new mexico,26
NEW MEXICO,university of new mexico,24
NEW YORK,adelphi college,25
NEW YORK,alfied university,7
NEW YORK,alfred university,33
NEW YORK,america,2
NEW YORK,barnard college,18
NEW YORK,barnard college arts and sciences,1
NEW YORK,brooklyn college,4
NEW YORK,brooklyn college of phar macy,1
NEW YORK,brooklyn college of pharmacy,5
NEW YORK,brooklyn college of pharmacy of long island university,1
NEW YORK,canisius college,27
NEW YORK,clarkson college of tech,21
NEW YORK,clarkson college of technology,16
NEW YORK,clarkson college of technology potsdamcon. chemical engineering,6
NEW YORK,colgate university,32
NEW YORK,college of dental and oral surgery,1
NEW YORK,college of dentaland oral surgery,1
NEW YORK,college of mount saint vin cent,8
NEW YORK,college of mount st,3
NEW YORK,college of mount st. vin,7
NEW YORK,college of mount st. vincent,4
NEW YORK,college of new rochelle,25
NEW YORK,college of new rochelle women,7
NEW YORK,college of st,3
NEW YORK,college of st. francis xavier,4
NEW YORK,college of st. rose,4
NEW YORK,college of the city of new,17
NEW YORK,college of the city of new york,33
NEW YORK,college of the sacred heart,5
NEW YORK,columbia university,109
NEW YORK,columbia universitycon,20
NEW YORK,cooper union,18
NEW YORK,cornell university,88
NEW YORK,d' 'youville college,2
NEW YORK,d'youville college,5
NEW YORK,elmira college,19
NEW YORK,fordham university,63
NEW YORK,fordham universitycon. pharmacy,5
NEW YORK,good council college,3
NEW YORK,good counsel college,6
NEW YORK,hamilton college,9
NEW YORK,hartwick college,6
NEW YORK,hobart college,7
NEW YORK,houghton college,16
NEW YORK,hunter college of the city,11
NEW YORK,hunter college of the city of,5
NEW YORK,hunter college of the city of new,5
NEW YORK,hunter college of the city of new york,7
NEW YORK,hunter college of the city of new york new york,5
NEW YORK,keuka college,5
NEW YORK,long island college hos pital,1
NEW YORK,long island college hospital,5
NEW YORK,long island college of medicine,1
NEW YORK,manhattan college,39
NEW YORK,marymount college,34
NEW YORK,mason junior college,3
NEW YORK,new mexico college of agri,2
NEW YORK,new mexico college of agriculture and mechanic arts,2
NEW YORK,new york college of dentistry,3
NEW YORK,new york collegeof dentistry,3
NEW YORK,new york homeopathic college,1
NEW YORK,new york homeopathic medical college and flower hospital,2
NEW YORK,new york state college for teachers,7
NEW YORK,new york state college of,8
NEW YORK,new york state college of for,4
NEW YORK,new york state college of forestry,4
NEW YORK,new york university,105
NEW YORK,new york university-continued,10
NEW YORK,new york universitycon,4
NEW YORK,niagara university,21
NEW YORK,noncollegiate,13
NEW YORK,north carolina college for,16
NEW YORK,north carolina state college,14
NEW YORK,polytechnic institute of,14
NEW YORK,polytechnic institute of brook lyn,6
NEW YORK,polytechnic institute of brooklyn,19
NEW YORK,rensselaer polytechnic insti tute,8
NEW YORK,rensselaer polytechnic institute,31
NEW YORK,russell sage college,48
NEW YORK,skidmore college,21
NEW YORK,st. bonaventure's college,30
NEW YORK,st. francis college,8
NEW YORK,st. john's college,25
NEW YORK,st. joseph's college for,1
NEW YORK,st. joseph's college for women,4
NEW YORK,st. lawrence university,36
NEW YORK,st. rose's college,1
NEW YORK,st. stephen's college,20
NEW YORK,st. stephens' college,6
NEW YORK,syracuse university,107
NEW YORK,syracuse university syracusecontinued. special,25
NEW YORK,syracuse university. forestry,1
NEW YORK,teacher's institute,1
NEW YORK,teachers college,4
NEW YORK,the city college,8
NEW YORK,union college,20
NEW YORK,union theological seminary,10
NEW YORK,union university,41
NEW YORK,united states military,2
NEW YORK,united states military acad,1
NEW YORK,united states military academy,4
NEW YORK,university of buffalo,56
NEW YORK,university of north carolina,27
NEW YORK,university of rochester,49
NEW YORK,vassar college,26
NEW YORK,wagner memorial lutheran college,3
NEW YORK,wells college,11
NEW YORK,wellscollege,3
NEW YORK,youville college,9
NORTH CAROLINA,atlantic christian college,10
NORTH CAROLINA,belmont abbey college,10
NORTH CAROLINA,belmont abbey junior college,3
NORTH CAROLINA,biddle university,4
NORTH CAROLINA,catawba college,14
NORTH CAROLINA,chowan college,12
NORTH CAROLINA,college of st,4
NORTH CAROLINA,college of st. genevieve of,8
NORTH CAROLINA,college of st. genevieve of the,6
NORTH CAROLINA,college of st. genevieveof,6
NORTH CAROLINA,college of the city of asheville,1
NORTH CAROLINA,davenport college,33
NORTH CAROLINA,davidson college,28
NORTH CAROLINA,duke university,17
NORTH CAROLINA,elon college,29
NORTH CAROLINA,fargo college,12
NORTH CAROLINA,flora macdonald college,35
NORTH CAROLINA,greensboro college,17
NORTH CAROLINA,greensboro college for women,10
NORTH CAROLINA,guilford college,31
NORTH CAROLINA,high point college,5
NORTH CAROLINA,johnson c. smith univer,5
NORTH CAROLINA,johnson c. smith university,8
NORTH CAROLINA,lenior college,4
NORTH CAROLINA,lenoir college,4
NORTH CAROLINA,lenoir rhyne college,9
NORTH CAROLINA,lenoir rhyne college hickory,1
NORTH CAROLINA,livingstone college,14
NORTH CAROLINA,louisburg college,24
NORTH CAROLINA,mars hill college,17
NORTH CAROLINA,meredith college,27
NORTH CAROLINA,mitchell college,16
NORTH CAROLINA,noncollegiate,12
NORTH CAROLINA,north carolina college for,15
NORTH CAROLINA,north carolina college for negroes durham,3
NORTH CAROLINA,north carolina college for women,38
NORTH CAROLINA,north carolina college of agriculture and,22
NORTH CAROLINA,north carolina state col,18
NORTH CAROLINA,north carolina state college of,1
NORTH CAROLINA,north dakota agricultural col- lege,18
NORTH CAROLINA,peace institute,33
NORTH CAROLINA,queens college,25
NORTH CAROLINA,rutherford college,18
NORTH CAROLINA,rutherford college 10,3
NORTH CAROLINA,salem college,33
NORTH CAROLINA,shaw university,36
NORTH CAROLINA,st. genevieve's college,11
NORTH CAROLINA,trinity college,19
NORTH CAROLINA,united states military academy,4
NORTH CAROLINA,university of north carolina,58
NORTH CAROLINA,university of north dakota,16
NORTH CAROLINA,wake forest college,42
NORTH CAROLINA,weaver college,19
NORTH CAROLINA,wingate college,12
NORTH DAKOTA,college,1
NORTH DAKOTA,dakota wesleyan university,11
NORTH DAKOTA,fargo college,13
NORTH DAKOTA,huron college,6
NORTH DAKOTA,jamestown college,21
NORTH DAKOTA,noncollegiate,49
NORTH DAKOTA,north carolina state col,4
NORTH DAKOTA,north carolina state college,1
NORTH DAKOTA,north dakota agricultural college,17
NORTH DAKOTA,north dakota agricultural college state college,25
NORTH DAKOTA,sioux falls college,4
NORTH DAKOTA,university of north dakota,115
NORTH DAKOTA,university of south dakota,12
NORTH DAKOTA,yankton college,7
OHIO,antioch college,25
OHIO,ashland college,31
OHIO,baldwin-wallace college,6
OHIO,baldwinwallace college,18
OHIO,bluffton college,25
OHIO,capital university,43
OHIO,capitol university,10
OHIO,cedarville college,28
OHIO,cincinnati college of dental sur- gery,1
OHIO,cincinnati college of dental surgery,3
OHIO,cincinnati college of phar macy,3
OHIO,cincinnati college of pharmacy,2
OHIO,college,2
OHIO,college and academy of the,13
OHIO,college of mount st. joseph,6
OHIO,college of the sacred heart,3
OHIO,college of wooster,26
OHIO,defiance college,8
OHIO,deflance college,12
OHIO,denison university,21
OHIO,eclectic medical college,6
OHIO,evening college,4
OHIO,findlay college,31
OHIO,glendale college,6
OHIO,hebrew union college,8
OHIO,heidelberg college,13
OHIO,heidelberg university,10
OHIO,hiram college,8
OHIO,john carroll university,9
OHIO,kenyon college,19
OHIO,lake erie college,17
OHIO,marietta college,17
OHIO,miami university,39
OHIO,mount union college,24
OHIO,municipal university of,13
OHIO,municipal university of akron,20
OHIO,muskingum college,32
OHIO,muskingum college new concord,3
OHIO,noncollegiate,28
OHIO,normal college,3
OHIO,notre dame college,8
OHIO,oberlin college,25
OHIO,oberlin college 1,5
OHIO,ohio college of dental surgery,1
OHIO,ohio northern university,89
OHIO,ohio state university,133
OHIO,ohio university,51
OHIO,ohio wesleyan college,6
OHIO,ohio wesleyan university,23
OHIO,otterbein college,28
OHIO,oxford college for women,21
OHIO,rio grande college,26
OHIO,saturday school,4
OHIO,st. ignatius college,8
OHIO,st. john's university,22
OHIO,st. xavier college,56
OHIO,toledo university,31
OHIO,united presbyterian theological seminary,3
OHIO,university of akron,40
OHIO,university of cincinnati,88
OHIO,university of dayton,56
OHIO,university of the city of,10
OHIO,university of the city of toledo,16
OHIO,urbana university,4
OHIO,ursuline college,8
OHIO,western college for women,5
OHIO,western college for women arts and sciences music,1
OHIO,western reserve univer,12
OHIO,western reserve university,65
OHIO,wilberforce university,27
OHIO,wilmington college,21
OHIO,wittenberg college,42
OHIO,wittenberg college preparatory,7
OKLAHOMA,bacone college,8
OKLAHOMA,bethanypeniel college,8
OKLAHOMA,catholic college for women,6
OKLAHOMA,catholic college of okla,7
OKLAHOMA,catholic college of oklahoma,10
OKLAHOMA,catholic college of oklahoma for women guthrie,3
OKLAHOMA,chanical college,18
OKLAHOMA,conners state agricultural college,3
OKLAHOMA,eastern oklahoma college,9
OKLAHOMA,junior college,5
OKLAHOMA,kingfisher college,4
OKLAHOMA,methodist university of oklahoma,5
OKLAHOMA,noncollegiate,59
OKLAHOMA,northeastern oklahoma junior college,1
OKLAHOMA,oklahoma agricultural and mechanical college stillwater,19
OKLAHOMA,oklahoma baptist univer,7
OKLAHOMA,oklahoma baptist university,24
OKLAHOMA,oklahoma christian col lege,3
OKLAHOMA,oklahoma christian college,3
OKLAHOMA,oklahoma christian college _,3
OKLAHOMA,oklahoma city college,3
OKLAHOMA,oklahoma city university,16
OKLAHOMA,oklahoma college for wom en,9
OKLAHOMA,oklahoma college for women,35
OKLAHOMA,oklahoma presbyterian col,8
OKLAHOMA,oklahoma presbyterian college,3
OKLAHOMA,panhandle agricultural and mechanical college goodwell,10
OKLAHOMA,phillips university,59
OKLAHOMA,univ,3
OKLAHOMA,university of oklahoma,151
OKLAHOMA,university of the city of toledo,3
OKLAHOMA,university of tulsa,27
OMO,baldwin-wallace college,9
OMO,bluffton college,11
OMO,cedarville college,6
OMO,cincinnati college of pharmacy,2
OMO,cincinnati veterinary college,2
OMO,eclectic medical college medicine,1
OMO,hebrew union college theology,4
OMO,mount union college,6
OMO,ohio university,6
OMO,st. ignatius college,3
OMO,st. xavier college,4
OMO,university of cincinnati,23
OREGON,albany college,15
OREGON,columbia college,5
OREGON,columbia university,10
OREGON,eastern oklahoma college,17
OREGON,eugene bible university,26
OREGON,linfield college,17
OREGON,mcminnville college,12
OREGON,mount angel college,3
OREGON,noncollegiate,62
OREGON,north pacific college,12
OREGON,north pacific college of oregon,4
OREGON,northwestern college of law,5
OREGON,oregon agricultural college,20
OREGON,oregon state agricultural college,39
OREGON,pacific college,24
OREGON,pacific university,18
OREGON,pennsylvania state college,1
OREGON,reed college,17
OREGON,st. mary's college,17
OREGON,university of oregon,97
OREGON,university of porto rico,13
OREGON,willamette college,4
OREGON,willamette university,31
PENNSYLVANIA,albright college,30
PENNSYLVANIA,allegheny college,21
PENNSYLVANIA,allentown college for women,4
PENNSYLVANIA,beaver college,36
PENNSYLVANIA,bryn mawr college,24
PENNSYLVANIA,bucknell university,47
PENNSYLVANIA,carnegie institute of tech nology,51
PENNSYLVANIA,carnegie institute of technol ogy,37
PENNSYLVANIA,carnegie institute of technology,47
PENNSYLVANIA,cedar crest college,32
PENNSYLVANIA,dickinson college,19
PENNSYLVANIA,drexel institute,40
PENNSYLVANIA,dropsie college,15
PENNSYLVANIA,duquesne university of the,28
PENNSYLVANIA,duquesne university of the holy ghost pitts burgh,10
PENNSYLVANIA,elizabethtown college,14
PENNSYLVANIA,elizabethtown college elizabethtown,3
PENNSYLVANIA,franklin and marshall col,2
PENNSYLVANIA,franklin and marshall college,11
PENNSYLVANIA,franklin and marshall college preparatory,4
PENNSYLVANIA,geneva college,27
PENNSYLVANIA,gettysburg college,43
PENNSYLVANIA,grove city college,32
PENNSYLVANIA,grove city college grove citycontinued. commerce,4
PENNSYLVANIA,hahnemann medical col,1
PENNSYLVANIA,hahnemann medical college,1
PENNSYLVANIA,hahnemann medical college and hospital,1
PENNSYLVANIA,haverford college,19
PENNSYLVANIA,immaculata college,1
PENNSYLVANIA,irving college,12
PENNSYLVANIA,irving female college,21
PENNSYLVANIA,jefferson medical college,9
PENNSYLVANIA,juniata college,35
PENNSYLVANIA,la salle college,29
PENNSYLVANIA,lafayette college,60
PENNSYLVANIA,lasalle college,8
PENNSYLVANIA,lebanon valley college,36
PENNSYLVANIA,lehigh university,71
PENNSYLVANIA,lincoln university,20
PENNSYLVANIA,marywood college,32
PENNSYLVANIA,marywood college scrantoncontinued. home economics,3
PENNSYLVANIA,moravian college,11
PENNSYLVANIA,moravian college and theo,20
PENNSYLVANIA,moravian college and theological,4
PENNSYLVANIA,moravian college for women,8
PENNSYLVANIA,moravian seminary and col,14
PENNSYLVANIA,mount st. joseph college,4
PENNSYLVANIA,muhlenberg college,14
PENNSYLVANIA,muhlenberg college allentown,6
PENNSYLVANIA,muhlenburg college,5
PENNSYLVANIA,noncollegiate,27
PENNSYLVANIA,pennsy statecollege,19
PENNSYLVANIA,pennsylv state college,21
PENNSYLVANIA,pennsylvani college for women,6
PENNSYLVANIA,pennsylvania college,24
PENNSYLVANIA,pennsylvania college for,4
PENNSYLVANIA,pennsylvania college for women,9
PENNSYLVANIA,pennsylvania military col,6
PENNSYLVANIA,pennsylvania military col lege,5
PENNSYLVANIA,pennsylvania military college,12
PENNSYLVANIA,pennsylvania state college,68
PENNSYLVANIA,philadelphia college of osteopathy,4
PENNSYLVANIA,philadelphia college of phar macy and science,2
PENNSYLVANIA,philadelphia college of pharmacy,2
PENNSYLVANIA,philadelphia college of pharmacy and science,4
PENNSYLVANIA,philadelphia college of pharmacy and science philadelphia,6
PENNSYLVANIA,rosemont college,22
PENNSYLVANIA,schuylkill college,12
PENNSYLVANIA,seton hill college,18
PENNSYLVANIA,seton hill college for women,6
PENNSYLVANIA,seton hill college greensburgcontinued. home economics,3
PENNSYLVANIA,st. francis college,17
PENNSYLVANIA,st. joseph college,3
PENNSYLVANIA,st. joseph's college,10
PENNSYLVANIA,st. thomas college,2
PENNSYLVANIA,st. vincent college,17
PENNSYLVANIA,st. vincent college and,5
PENNSYLVANIA,st. vincent college and theo,5
PENNSYLVANIA,susquehanna university,63
PENNSYLVANIA,swarthmore college,38
PENNSYLVANIA,temple university,86
PENNSYLVANIA,thiel college,12
PENNSYLVANIA,university of oregon,2
PENNSYLVANIA,university of pennsylvania,124
PENNSYLVANIA,university of pittsburgh,97
PENNSYLVANIA,university of pittsburgh pittsburghcontd. pharmacy,6
PENNSYLVANIA,university of porto rico,16
PENNSYLVANIA,university of the philippines,18
PENNSYLVANIA,ursinus college,15
PENNSYLVANIA,villa maria college,9
PENNSYLVANIA,villanova college,62
PENNSYLVANIA,villanova collegecontd. theology,8
PENNSYLVANIA,washington and jefferson col lege,9
PENNSYLVANIA,washington and jefferson college,12
PENNSYLVANIA,waynesburg college,20
PENNSYLVANIA,westminister college,4
PENNSYLVANIA,westminster college,20
PENNSYLVANIA,wilson college,24
PENNSYLVANIA,woman's medical college of,1
PENNSYLVANIA,woman's medical college of penn,1
PENNSYLVANIA,woman's medical college of pennsylvania,5
PORTO RICO,university of porto rico,27
PUERTO RICO,university of puerto rico,16
RHODE ISLAND,allen university dickerson,1
RHODE ISLAND,anderson college,4
RHODE ISLAND,benedict college,5
RHODE ISLAND,brown university,32
RHODE ISLAND,chicora college for women,3
RHODE ISLAND,coker college,1
RHODE ISLAND,columbia college,2
RHODE ISLAND,converse college,3
RHODE ISLAND,erskine college,4
RHODE ISLAND,furman university,5
RHODE ISLAND,greenville woman's college,3
RHODE ISLAND,lander college,3
RHODE ISLAND,limestone college,1
RHODE ISLAND,newberry college,2
RHODE ISLAND,noncollegiate,13
RHODE ISLAND,presbyterian college of south,1
RHODE ISLAND,providence college,10
RHODE ISLAND,rhode island college of,1
RHODE ISLAND,rhode island college of phar macy and allied sciences,1
RHODE ISLAND,rhode island college of pharmacy and allied science,1
RHODE ISLAND,rhode island state college,56
RHODE ISLAND,wofford college,2
SOUTH CAROLINA,anderson college,6
SOUTH CAROLINA,anderson college 0,7
SOUTH CAROLINA,anderson college for women,7
SOUTH CAROLINA,benedict college,16
SOUTH CAROLINA,benedict college',4
SOUTH CAROLINA,chicora college,2
SOUTH CAROLINA,chicora college for women,1
SOUTH CAROLINA,clemson agricultural col,25
SOUTH CAROLINA,clemson agricultural college,34
SOUTH CAROLINA,coker college,5
SOUTH CAROLINA,coker college for women,3
SOUTH CAROLINA,college of charleston,24
SOUTH CAROLINA,columbia college,12
SOUTH CAROLINA,columbia theological semi nary,4
SOUTH CAROLINA,converse college,19
SOUTH CAROLINA,erskine college,12
SOUTH CAROLINA,furman university,19
SOUTH CAROLINA,greenville woman's college,13
SOUTH CAROLINA,lander college,30
SOUTH CAROLINA,limestone college,4
SOUTH CAROLINA,medical college of the state,4
SOUTH CAROLINA,medical college of the state of,6
SOUTH CAROLINA,medical college of the state of south carolina charleston,4
SOUTH CAROLINA,newberry college,12
SOUTH CAROLINA,noncollegiate,13
SOUTH CAROLINA,presbyterian college,1
SOUTH CAROLINA,presbyterian college of,2
SOUTH CAROLINA,presbyterian college of south,2
SOUTH CAROLINA,presbyterian college of south carolina,2
SOUTH CAROLINA,the citadel the military col,1
SOUTH CAROLINA,the citadel the military college of south,3
SOUTH CAROLINA,the citadel the military college of south carolina,1
SOUTH CAROLINA,university of south caro,20
SOUTH CAROLINA,university of south carolina,30
SOUTH CAROLINA,university of south carolina columbiacon. commerce,9
SOUTH CAROLINA,winthrop college,38
SOUTH CAROLINA,wofford college,19
SOUTH CAROLINA,woman's college of due west,3
SOUTH DAKOTA,augustana college,12
SOUTH DAKOTA,columbus college,6
SOUTH DAKOTA,dakota wesleyan univer,7
SOUTH DAKOTA,dakota wesleyan university,23
SOUTH DAKOTA,huron college,20
SOUTH DAKOTA,junior college. preparatory,2
SOUTH DAKOTA,noncollegiate,26
SOUTH DAKOTA,notre dame junior college,4
SOUTH DAKOTA,sioux falls college,18
SOUTH DAKOTA,sioux falls university,6
SOUTH DAKOTA,south dakota state college,24
SOUTH DAKOTA,south dakota state college of,16
SOUTH DAKOTA,south dakota state college of agriculture,18
SOUTH DAKOTA,university of south dakota,68
SOUTH DAKOTA,wessington springs junior,9
SOUTH DAKOTA,wessington springs junior college,4
SOUTH DAKOTA,wessington springs springs junior college,3
SOUTH DAKOTA,winthrop college,44
SOUTH DAKOTA,yankton college,17
TENNESSEE,bethel college,18
TENNESSEE,bryson college,9
TENNESSEE,carson and newman col lege,3
TENNESSEE,carson and newman college,28
TENNESSEE,carson newman college,4
TENNESSEE,centenary college,16
TENNESSEE,chattanooga college of law,4
TENNESSEE,cumberland university,44
TENNESSEE,david lipscomb college,7
TENNESSEE,fisk university,34
TENNESSEE,freedhardeman college,8
TENNESSEE,george peabody college for teachers,10
TENNESSEE,hiwassee college,17
TENNESSEE,johnson bible college,10
TENNESSEE,king college,10
TENNESSEE,knoxville college,22
TENNESSEE,lane college,21
TENNESSEE,le moyne junior college,9
TENNESSEE,lemoyne junior college,5
TENNESSEE,lincoln memorial univer sity,3
TENNESSEE,lincoln memorial university,37
TENNESSEE,martin college,25
TENNESSEE,maryville college,10
TENNESSEE,meharry medical college,24
TENNESSEE,milligan college,16
TENNESSEE,noncollegiate,18
TENNESSEE,ruskin-cave college,12
TENNESSEE,southwestern college,9
TENNESSEE,southwestern presbyterian uni,1
TENNESSEE,southwestern preshyterian university,3
TENNESSEE,tennessee college,14
TENNESSEE,tennessee college for women,2
TENNESSEE,tennessee polytechnic institute,9
TENNESSEE,tennessee wesleyan college,5
TENNESSEE,tennessee wesleyan college _,4
TENNESSEE,tusculum college,20
TENNESSEE,union university,27
TENNESSEE,universit y of the south,5
TENNESSEE,university of chattanooga,10
TENNESSEE,university of tennessee,102
TENNESSEE,university of the south,26
TENNESSEE,university of western ten nessee,4
TENNESSEE,vanderbilt university,70
TENNESSEE,washington college,6
TEXAS,abilene christian college,36
TEXAS,agricultural and mechanical col,1
TEXAS,agricultural and mechanical college of texas college station,14
TEXAS,agricultural college of utah,22
TEXAS,agriculturaland mochanicalcollegeof texas,14
TEXAS,alexander college,11
TEXAS,austin college,19
TEXAS,baylor college,5
TEXAS,baylor college for women,12
TEXAS,baylor female college,15
TEXAS,baylor university,66
TEXAS,bishop college,20
TEXAS,blinn memorial college,4
TEXAS,burleson college,21
TEXAS,butler college,3
TEXAS,carr-burdette college,10
TEXAS,carrburdette college,4
TEXAS,carrburdettecollege,7
TEXAS,clarendon college,13
TEXAS,clifton junior college,3
TEXAS,colleg,11
TEXAS,college of industrial arts,43
TEXAS,college of marshall,20
TEXAS,daniel baker college,25
TEXAS,decatur baptist college,15
TEXAS,edinburg college,3
TEXAS,evangelical theological college,1
TEXAS,grubbs vocational college,11
TEXAS,guadalupe college,11
TEXAS,howard payne college,39
TEXAS,incarnate word college,19
TEXAS,jacksonville college,18
TEXAS,jarvis christian institute,7
TEXAS,john tarleton agricultural college,15
TEXAS,john tarleton agricultural college.',12
TEXAS,john tarleton state junior,13
TEXAS,junior college,66
TEXAS,junior college 0,4
TEXAS,junior college of he city of,3
TEXAS,junior college of the lower,17
TEXAS,kidd key college,3
TEXAS,kidd-key college,9
TEXAS,kiddkey college,8
TEXAS,lon morris college,13
TEXAS,lutheran college,6
TEXAS,mcmurry college,11
TEXAS,meridian college,14
TEXAS,midland college,7
TEXAS,noncollegiate,32
TEXAS,north texas agricultural college,8
TEXAS,our lady of the lake col,9
TEXAS,our lady of the lake college,21
TEXAS,paul quinn college,5
TEXAS,randolph college,8
TEXAS,randolph junior college,3
TEXAS,rice institute,56
TEXAS,rusk college,9
TEXAS,samuel houston college,5
TEXAS,schreiner institute,2
TEXAS,simmons college,11
TEXAS,simmons university,24
TEXAS,south park junior college,21
TEXAS,southern methodist uni,12
TEXAS,southern methodist univer,8
TEXAS,southern methodist univer sity,13
TEXAS,southern methodist university,22
TEXAS,southwestern junior college,15
TEXAS,southwestern university,33
TEXAS,st. edward's university,6
TEXAS,st. mary's college,5
TEXAS,texas christian college,4
TEXAS,texas christian university,57
TEXAS,texas college,4
TEXAS,texas college of arts and industries,5
TEXAS,texas dental college,5
TEXAS,texas military college,17
TEXAS,texas presbyterian college,26
TEXAS,texas technological college,30
TEXAS,texas woman's college,31
TEXAS,thorp spring christian col,7
TEXAS,thorp spring christian col lege,5
TEXAS,thorp spring christian college,8
TEXAS,tillotson college,4
TEXAS,trinity junior college,4
TEXAS,trinity junior college 4,4
TEXAS,trinity university,15
TEXAS,univer,19
TEXAS,university,7
TEXAS,university of dallas,8
TEXAS,university of tennessee,22
TEXAS,university of texas,84
TEXAS,university of utah,12
TEXAS,washington college,2
TEXAS,wayland baptist college,10
TEXAS,wayland baptist junior,4
TEXAS,wayland college,4
TEXAS,weatherford college,12
TEXAS,wesley college,29
TEXAS,westminister college,18
TEXAS,westminster college,18
TEXAS,westmoorland college,23
TEXAS,westmoreland college,11
TEXAS,wiley college,7
UTAH,agricultural college of utah,12
UTAH,agriculture college of utah,1
UTAH,brigham young college,12
UTAH,brigham young university,38
UTAH,brigham young university provocontd. special,8
UTAH,college of st. maryofthewasatch' salt lake city,4
UTAH,noncollegiate,23
UTAH,snow college,21
UTAH,university of utah,65
UTAH,utah agricultural college,11
UTAH,utah state agricultural college,11
UTAH,weber college,17
UTAH,westminster college,20
VERMONT,agricultural college,12
VERMONT,middlebury college,21
VERMONT,norwich university,47
VERMONT,st. michael's college,13
VERMONT,state agricultural college. arts and sciences,14
VERMONT,univers,11
VERMONT,university of vermont and,24
VERMONT,university of vermont and state,1
VERMONT,university of vermont and state agricul,13
VERMONT,westminster college,4
VIRGINIA,a verett college,4
VIRGINIA,averett college,30
VIRGINIA,blackstone college for girls,11
VIRGINIA,blackstone college for girls _,5
VIRGINIA,blackstone collegefor girls,5
VIRGINIA,bluefield college,7
VIRGINIA,bridgewater college,28
VIRGINIA,college,3
VIRGINIA,college of william and mary,38
VIRGINIA,daleville college,3
VIRGINIA,eastern college,8
VIRGINIA,elizabeth college,14
VIRGINIA,emory and henry college,14
VIRGINIA,hampden sydney college,2
VIRGINIA,hampdensidney college,3
VIRGINIA,hampton-sidney college,4
VIRGINIA,hollins college,19
VIRGINIA,hollins institute,4
VIRGINIA,irginia theological seminary and college,6
VIRGINIA,lynchburg college,40
VIRGINIA,marion college,19
VIRGINIA,marion junior college,7
VIRGINIA,martha washington col lege. 10,4
VIRGINIA,martha washington college,3
VIRGINIA,martha washington college _,8
VIRGINIA,mary baldwin college,15
VIRGINIA,medical college of virginia,26
VIRGINIA,noncollegiate,15
VIRGINIA,polytechnic institute blacksburgcontinued. home economics,12
VIRGINIA,randolph macon college,1
VIRGINIA,randolph macon woman's college,3
VIRGINIA,randolph-macon college,3
VIRGINIA,randolph-macon woman's col,7
VIRGINIA,randolph-macon woman's college,4
VIRGINIA,randolphmacon college,3
VIRGINIA,richmond college,4
VIRGINIA,roanoke college,18
VIRGINIA,shenandoah college,10
VIRGINIA,southern college,2
VIRGINIA,state agricultural college. arts and sciences,1
VIRGINIA,stonewall jackson college,7
VIRGINIA,sullins college,29
VIRGINIA,sweet briar college,13
VIRGINIA,union theological seminary,7
VIRGINIA,university of richmond,26
VIRGINIA,university of vermont and,28
VIRGINIA,university of virginia,77
VIRGINIA,virginia 'nion university,6
VIRGINIA,virginia christian college,6
VIRGINIA,virginia college,11
VIRGINIA,virginia intermont college,32
VIRGINIA,virginia military institute,38
VIRGINIA,virginia polytechnic institute,30
VIRGINIA,virginia union university,24
VIRGINIA,virginia union university _,7
VIRGINIA,washington and lee uni,6
VIRGINIA,washington and lee uni versity,4
VIRGINIA,washington and lee univer,4
VIRGINIA,washington and lee university,15
WASHINGTON,college of puget sound,19
WASHINGTON,college of puget sound tacoma,3
WASHINGTON,gonzaga university,42
WASHINGTON,junior college,5
WASHINGTON,noncollegiate,22
WASHINGTON,pacific lutheran college,8
WASHINGTON,seattle pacific college,3
WASHINGTON,spokane university,3
WASHINGTON,st. martin's college,6
WASHINGTON,state college of washington,117
WASHINGTON,university of washington,136
WASHINGTON,university of washington seattlecontinued. music,9
WASHINGTON,walla walla college,18
WASHINGTON,west virginia state col,21
WASHINGTON,west virginia university,19
WASHINGTON,whitman college,12
WASHINGTON,whitworth college,15
WEST VIRGINIA,alderson junior college,10
WEST VIRGINIA,bethany college,19
WEST VIRGINIA,broaddus college,16
WEST VIRGINIA,davis and elkins college,32
WEST VIRGINIA,davis and elkins college elkins,3
WEST VIRGINIA,greenbrier college,3
WEST VIRGINIA,greenbrier college for,4
WEST VIRGINIA,greenbrier college for wo,3
WEST VIRGINIA,morris harvey college,8
WEST VIRGINIA,salem college,29
WEST VIRGINIA,storer college,4
WEST VIRGINIA,storer college 2,3
WEST VIRGINIA,storer college 8,3
WEST VIRGINIA,university of washington,8
WEST VIRGINIA,university of washington seattlecontinued. music,10
WEST VIRGINIA,west virginia state college,11
WEST VIRGINIA,west virginia university,96
WEST VIRGINIA,west virginia wesleyan col,15
WEST VIRGINIA,west virginia wesleyan college,10
WEST VIRGINIA,west virginia wesleyan college buckhannon,3
WEST VIRGINIA,whitman college,2
WISCONSIN,beloit college,22
WISCONSIN,campion college,9
WISCONSIN,carroll college,24
WISCONSIN,college of electrical engi neering,1
WISCONSIN,lawrence college,21
WISCONSIN,marquette university,103
WISCONSIN,milton college,18
WISCONSIN,milwaukee-downer college,19
WISCONSIN,milwaukeedowner college,21
WISCONSIN,mission house college,12
WISCONSIN,noncollegiate,83
WISCONSIN,northland college,21
WISCONSIN,northwestern college,21
WISCONSIN,ripon college,37
WISCONSIN,saint clara college,4
WISCONSIN,st. lawrence college,12
WISCONSIN,st. mary's college,10
WISCONSIN,st. mary's college and academy,6
WISCONSIN,university of wisconsin,38
WISCONSIN,university of wisconsin madisoncontinued. special,20
WYOMING,university of wyoming,106
